"0",""
"0","top_constructors = constructor_summary |>"
"0","  arrange(desc(total_constructor_points)) |>"
"0","  slice_head(n = 10)"
"0",""
"0",""
"0","ggplot(top_constructors, aes(x = reorder(factor(constructorId), total_constructor_points), y = total_constructor_points)) +"
"0","  geom_bar(stat = ""identity"", fill = ""steelblue"") +"
"0","  labs("
"0","    title = ""Total Points by Top 10 Constructors"","
"0","    x = ""Constructor ID"","
"0","    y = ""Total Points"""
"0","  ) +"
"0","  coord_flip() +  "
"0","  theme_minimal()"
